{
  "execution_id": "269ea117-d739-4c7d-8fac-802f777b7255",
  "algorithm_type": "ACS-VEHICLE",
  "config": {
    "algorithm_params": {
      "alpha": 1.0,
      "beta": 2.0,
      "rho": 0.1,
      "Q": 1.0
    },
    "problem_params": {
      "capacity": 70,
      "max_route_length": 100,
      "max_route_attempts": 10
    },
    "quality_weights": {
      "w_c": 0.7,
      "w_r": 0.2,
      "w_d": 0.1
    },
    "n_ants": 10,
    "n_iterations": 10
  },
  "execution_time": 0.026610851287841797,
  "timestamp": "2025-07-18T05:15:55.688274",
  "success": true,
  "error_message": null,
  "routes": [
    {
      "stops": [
        2705153086,
        12529762096,
        12529762094,
        12529762074,
        12529762066,
        12529762091,
        12529762086,
        12529762102,
        12529762101,
        12529762098
      ],
      "distances": [
        1220.8788091070285,
        226.4269999813508,
        535.7306642602003,
        525.5764780214308,
        49.820675358793466,
        350.40942454906696,
        246.1964878565972,
        3454.418280110367,
        2126.9899651714977
      ],
      "passenger_load": [
        0,
        10,
        10,
        10,
        10,
        10,
        10,
        10,
        10
      ],
      "total_distance": 8736.447784416332,
      "total_passengers": 80,
      "is_valid": false,
      "capacity_violations": 1,
      "opposite_stops_violations": 0
    },
    {
      "stops": [
        2705153086,
        12529762095,
        12529762089,
        12529762090,
        12529762099,
        12529762088,
        12529762084,
        12529762093,
        12529762101,
        12529762098
      ],
      "distances": [
        634.2785645492231,
        223.1484535124467,
        370.0064174402265,
        286.04702646470787,
        260.6580715915888,
        1061.017870711969,
        340.16966398589983,
        3191.0204545268884,
        2126.9899651714977
      ],
      "passenger_load": [
        0,
        10,
        10,
        10,
        10,
        10,
        10,
        10,
        10
      ],
      "total_distance": 8493.336487954448,
      "total_passengers": 80,
      "is_valid": false,
      "capacity_violations": 1,
      "opposite_stops_violations": 0
    },
    {
      "stops": [
        2705153086,
        12529762095,
        12529762089,
        12529762090,
        12529762099,
        12529762088,
        12529762084,
        12529762104,
        12529762101,
        12529762098
      ],
      "distances": [
        634.2785645492231,
        223.1484535124467,
        370.0064174402265,
        286.04702646470787,
        260.6580715915888,
        1061.017870711969,
        477.7859551617668,
        3328.636745702755,
        2126.9899651714977
      ],
      "passenger_load": [
        0,
        10,
        10,
        10,
        10,
        10,
        10,
        10,
        10
      ],
      "total_distance": 8768.569070306181,
      "total_passengers": 80,
      "is_valid": false,
      "capacity_violations": 1,
      "opposite_stops_violations": 0
    }
  ],
  "iterations_data": [],
  "final_solution": {
    "routes": [
      {
        "stops": [
          2705153086,
          12529762096,
          12529762094,
          12529762074,
          12529762066,
          12529762091,
          12529762086,
          12529762102,
          12529762101,
          12529762098
        ],
        "distances": [
          1220.8788091070285,
          226.4269999813508,
          535.7306642602003,
          525.5764780214308,
          49.820675358793466,
          350.40942454906696,
          246.1964878565972,
          3454.418280110367,
          2126.9899651714977
        ],
        "passenger_load": [
          0,
          10,
          10,
          10,
          10,
          10,
          10,
          10,
          10
        ],
        "total_distance": 8736.447784416332,
        "total_passengers": 80,
        "is_valid": false,
        "capacity_violations": 1,
        "opposite_stops_violations": 0
      },
      {
        "stops": [
          2705153086,
          12529762095,
          12529762089,
          12529762090,
          12529762099,
          12529762088,
          12529762084,
          12529762093,
          12529762101,
          12529762098
        ],
        "distances": [
          634.2785645492231,
          223.1484535124467,
          370.0064174402265,
          286.04702646470787,
          260.6580715915888,
          1061.017870711969,
          340.16966398589983,
          3191.0204545268884,
          2126.9899651714977
        ],
        "passenger_load": [
          0,
          10,
          10,
          10,
          10,
          10,
          10,
          10,
          10
        ],
        "total_distance": 8493.336487954448,
        "total_passengers": 80,
        "is_valid": false,
        "capacity_violations": 1,
        "opposite_stops_violations": 0
      },
      {
        "stops": [
          2705153086,
          12529762095,
          12529762089,
          12529762090,
          12529762099,
          12529762088,
          12529762084,
          12529762104,
          12529762101,
          12529762098
        ],
        "distances": [
          634.2785645492231,
          223.1484535124467,
          370.0064174402265,
          286.04702646470787,
          260.6580715915888,
          1061.017870711969,
          477.7859551617668,
          3328.636745702755,
          2126.9899651714977
        ],
        "passenger_load": [
          0,
          10,
          10,
          10,
          10,
          10,
          10,
          10,
          10
        ],
        "total_distance": 8768.569070306181,
        "total_passengers": 80,
        "is_valid": false,
        "capacity_violations": 1,
        "opposite_stops_violations": 0
      }
    ],
    "total_vehicles": 3,
    "total_distance": 25998.35334267696,
    "total_passengers_served": 240,
    "fitness_time": 25998.35334267696,
    "fitness_vehicle": 28998.35334267696,
    "is_feasible": false,
    "generation_time": 0.0
  }
}