{
  "execution_id": "330d7821-ec14-4bda-9fff-a08f7fe4ffa7",
  "algorithm_type": "ACS-VEHICLE",
  "config": {
    "algorithm_params": {
      "alpha": 1.0,
      "beta": 2.0,
      "rho": 0.1,
      "Q": 1.0
    },
    "problem_params": {
      "capacity": 70,
      "max_route_length": 100,
      "max_route_attempts": 10
    },
    "quality_weights": {
      "w_c": 0.7,
      "w_r": 0.2,
      "w_d": 0.1
    },
    "n_ants": 10,
    "n_iterations": 10
  },
  "execution_time": 0.028784513473510742,
  "timestamp": "2025-07-18T05:53:43.556795",
  "success": true,
  "error_message": null,
  "routes": [
    {
      "stops": [
        2705153086,
        12529762094,
        12529762064,
        12529762097,
        12529762066,
        12529762091,
        12529762085,
        12529762087,
        12529762101,
        12529762098
      ],
      "distances": [
        1089.7463407689545,
        226.61673301546068,
        400.76869398517533,
        527.2272006167734,
        49.820675358793466,
        356.1815107724824,
        252.92965428909088,
        3455.3793603194454,
        2126.9899651714977
      ],
      "passenger_load": [
        0,
        10,
        10,
        10,
        10,
        10,
        10,
        10,
        10
      ],
      "total_distance": 8485.660134297674,
      "total_passengers": 80,
      "is_valid": false,
      "capacity_violations": 1,
      "opposite_stops_violations": 0
    },
    {
      "stops": [
        2705153086,
        12529762095,
        12529762089,
        12529762090,
        12529762099,
        12529762064,
        12529762097,
        12529762083,
        12529762098
      ],
      "distances": [
        634.2785645492231,
        223.1484535124467,
        370.0064174402265,
        286.04702646470787,
        268.70101910604245,
        400.76869398517533,
        397.36374668063905,
        33.51910664830568
      ],
      "passenger_load": [
        0,
        10,
        10,
        10,
        10,
        10,
        10,
        10
      ],
      "total_distance": 2613.8330283867667,
      "total_passengers": 70,
      "is_valid": true,
      "capacity_violations": 0,
      "opposite_stops_violations": 0
    },
    {
      "stops": [
        2705153086,
        12529762094,
        12529762064,
        12529762099,
        12529762088,
        12529762093,
        12529762104,
        12529762084,
        12529762101,
        12529762098
      ],
      "distances": [
        1089.7463407689545,
        226.61673301546068,
        307.9514424123155,
        260.6580715915888,
        1401.1875339711005,
        183.51457742472343,
        477.7859551617668,
        2850.8507912677564,
        2126.9899651714977
      ],
      "passenger_load": [
        0,
        10,
        10,
        10,
        10,
        10,
        10,
        10,
        10
      ],
      "total_distance": 8925.301410785165,
      "total_passengers": 80,
      "is_valid": false,
      "capacity_violations": 1,
      "opposite_stops_violations": 0
    }
  ],
  "iterations_data": [],
  "final_solution": {
    "routes": [
      {
        "stops": [
          2705153086,
          12529762094,
          12529762064,
          12529762097,
          12529762066,
          12529762091,
          12529762085,
          12529762087,
          12529762101,
          12529762098
        ],
        "distances": [
          1089.7463407689545,
          226.61673301546068,
          400.76869398517533,
          527.2272006167734,
          49.820675358793466,
          356.1815107724824,
          252.92965428909088,
          3455.3793603194454,
          2126.9899651714977
        ],
        "passenger_load": [
          0,
          10,
          10,
          10,
          10,
          10,
          10,
          10,
          10
        ],
        "total_distance": 8485.660134297674,
        "total_passengers": 80,
        "is_valid": false,
        "capacity_violations": 1,
        "opposite_stops_violations": 0
      },
      {
        "stops": [
          2705153086,
          12529762095,
          12529762089,
          12529762090,
          12529762099,
          12529762064,
          12529762097,
          12529762083,
          12529762098
        ],
        "distances": [
          634.2785645492231,
          223.1484535124467,
          370.0064174402265,
          286.04702646470787,
          268.70101910604245,
          400.76869398517533,
          397.36374668063905,
          33.51910664830568
        ],
        "passenger_load": [
          0,
          10,
          10,
          10,
          10,
          10,
          10,
          10
        ],
        "total_distance": 2613.8330283867667,
        "total_passengers": 70,
        "is_valid": true,
        "capacity_violations": 0,
        "opposite_stops_violations": 0
      },
      {
        "stops": [
          2705153086,
          12529762094,
          12529762064,
          12529762099,
          12529762088,
          12529762093,
          12529762104,
          12529762084,
          12529762101,
          12529762098
        ],
        "distances": [
          1089.7463407689545,
          226.61673301546068,
          307.9514424123155,
          260.6580715915888,
          1401.1875339711005,
          183.51457742472343,
          477.7859551617668,
          2850.8507912677564,
          2126.9899651714977
        ],
        "passenger_load": [
          0,
          10,
          10,
          10,
          10,
          10,
          10,
          10,
          10
        ],
        "total_distance": 8925.301410785165,
        "total_passengers": 80,
        "is_valid": false,
        "capacity_violations": 1,
        "opposite_stops_violations": 0
      }
    ],
    "total_vehicles": 3,
    "total_distance": 20024.794573469604,
    "total_passengers_served": 230,
    "fitness_time": 20024.794573469604,
    "fitness_vehicle": 23024.794573469604,
    "is_feasible": false,
    "generation_time": 0.0
  }
}