{
  "execution_id": "54644a35-6d99-49be-ab89-daa12d99fca3",
  "algorithm_type": "ACS-VEHICLE",
  "config": {
    "algorithm_params": {
      "alpha": 1.0,
      "beta": 2.0,
      "rho": 0.1,
      "Q": 1.0
    },
    "problem_params": {
      "capacity": 70,
      "max_route_length": 100,
      "max_route_attempts": 10
    },
    "quality_weights": {
      "w_c": 0.7,
      "w_r": 0.2,
      "w_d": 0.1
    },
    "n_ants": 10,
    "n_iterations": 10
  },
  "execution_time": 0.02162957191467285,
  "timestamp": "2025-07-18T05:15:27.942521",
  "success": true,
  "error_message": null,
  "routes": [
    {
      "stops": [
        2705153086,
        12529762095,
        12529762096,
        12529762099,
        12529762088,
        12529762087,
        12529762086,
        12529762091,
        12529762066,
        12529762098
      ],
      "distances": [
        634.2785645492231,
        1009.8096124533482,
        307.76170937820564,
        260.6580715915888,
        419.6801191588012,
        246.0590815021085,
        375.9001521594147,
        49.820675358793466,
        331.36435288878766
      ],
      "passenger_load": [
        0,
        10,
        10,
        10,
        10,
        10,
        10,
        10,
        10
      ],
      "total_distance": 3635.332339040271,
      "total_passengers": 80,
      "is_valid": false,
      "capacity_violations": 1,
      "opposite_stops_violations": 0
    },
    {
      "stops": [
        2705153086,
        12529762099,
        12529762088,
        12529762084,
        12529762093,
        12529762104,
        12529762103,
        12529762087,
        12529762101,
        12529762098
      ],
      "distances": [
        1090.2710934584557,
        260.6580715915888,
        1061.017870711969,
        340.16966398589983,
        183.51457742472343,
        182.29330747845754,
        1372.6551389808433,
        3455.3793603194454,
        2126.9899651714977
      ],
      "passenger_load": [
        0,
        10,
        10,
        10,
        10,
        10,
        10,
        10,
        10
      ],
      "total_distance": 10072.94904912288,
      "total_passengers": 80,
      "is_valid": false,
      "capacity_violations": 1,
      "opposite_stops_violations": 0
    },
    {
      "stops": [
        2705153086,
        12529762095,
        12529762089,
        12529762090,
        12529762099,
        12529762096,
        12529762074,
        12529762083,
        12529762098
      ],
      "distances": [
        634.2785645492231,
        223.1484535124467,
        370.0064174402265,
        286.04702646470787,
        268.5112860719326,
        398.9282383557229,
        395.71302408529647,
        33.51910664830568
      ],
      "passenger_load": [
        0,
        10,
        10,
        10,
        10,
        10,
        10,
        10
      ],
      "total_distance": 2610.152117127862,
      "total_passengers": 70,
      "is_valid": true,
      "capacity_violations": 0,
      "opposite_stops_violations": 0
    },
    {
      "stops": [
        2705153086,
        12529762096,
        12529762094,
        12529762074,
        12529762083,
        12529762098
      ],
      "distances": [
        1220.8788091070285,
        226.4269999813508,
        535.7306642602003,
        395.71302408529647,
        33.51910664830568
      ],
      "passenger_load": [
        0,
        10,
        10,
        10,
        10
      ],
      "total_distance": 2412.268604082182,
      "total_passengers": 40,
      "is_valid": true,
      "capacity_violations": 0,
      "opposite_stops_violations": 0
    }
  ],
  "iterations_data": [],
  "final_solution": {
    "routes": [
      {
        "stops": [
          2705153086,
          12529762095,
          12529762096,
          12529762099,
          12529762088,
          12529762087,
          12529762086,
          12529762091,
          12529762066,
          12529762098
        ],
        "distances": [
          634.2785645492231,
          1009.8096124533482,
          307.76170937820564,
          260.6580715915888,
          419.6801191588012,
          246.0590815021085,
          375.9001521594147,
          49.820675358793466,
          331.36435288878766
        ],
        "passenger_load": [
          0,
          10,
          10,
          10,
          10,
          10,
          10,
          10,
          10
        ],
        "total_distance": 3635.332339040271,
        "total_passengers": 80,
        "is_valid": false,
        "capacity_violations": 1,
        "opposite_stops_violations": 0
      },
      {
        "stops": [
          2705153086,
          12529762099,
          12529762088,
          12529762084,
          12529762093,
          12529762104,
          12529762103,
          12529762087,
          12529762101,
          12529762098
        ],
        "distances": [
          1090.2710934584557,
          260.6580715915888,
          1061.017870711969,
          340.16966398589983,
          183.51457742472343,
          182.29330747845754,
          1372.6551389808433,
          3455.3793603194454,
          2126.9899651714977
        ],
        "passenger_load": [
          0,
          10,
          10,
          10,
          10,
          10,
          10,
          10,
          10
        ],
        "total_distance": 10072.94904912288,
        "total_passengers": 80,
        "is_valid": false,
        "capacity_violations": 1,
        "opposite_stops_violations": 0
      },
      {
        "stops": [
          2705153086,
          12529762095,
          12529762089,
          12529762090,
          12529762099,
          12529762096,
          12529762074,
          12529762083,
          12529762098
        ],
        "distances": [
          634.2785645492231,
          223.1484535124467,
          370.0064174402265,
          286.04702646470787,
          268.5112860719326,
          398.9282383557229,
          395.71302408529647,
          33.51910664830568
        ],
        "passenger_load": [
          0,
          10,
          10,
          10,
          10,
          10,
          10,
          10
        ],
        "total_distance": 2610.152117127862,
        "total_passengers": 70,
        "is_valid": true,
        "capacity_violations": 0,
        "opposite_stops_violations": 0
      },
      {
        "stops": [
          2705153086,
          12529762096,
          12529762094,
          12529762074,
          12529762083,
          12529762098
        ],
        "distances": [
          1220.8788091070285,
          226.4269999813508,
          535.7306642602003,
          395.71302408529647,
          33.51910664830568
        ],
        "passenger_load": [
          0,
          10,
          10,
          10,
          10
        ],
        "total_distance": 2412.268604082182,
        "total_passengers": 40,
        "is_valid": true,
        "capacity_violations": 0,
        "opposite_stops_violations": 0
      }
    ],
    "total_vehicles": 4,
    "total_distance": 18730.702109373196,
    "total_passengers_served": 270,
    "fitness_time": 18730.702109373196,
    "fitness_vehicle": 22730.702109373196,
    "is_feasible": false,
    "generation_time": 0.0
  }
}