{
  "execution_id": "57bd331a-325c-48f3-809b-e0dd150ec95a",
  "algorithm_type": "ACS-VEHICLE",
  "config": {
    "algorithm_params": {
      "alpha": 1.0,
      "beta": 2.0,
      "rho": 0.1,
      "Q": 1.0
    },
    "problem_params": {
      "capacity": 70,
      "max_route_length": 100,
      "max_route_attempts": 10
    },
    "quality_weights": {
      "w_c": 0.7,
      "w_r": 0.2,
      "w_d": 0.1
    },
    "n_ants": 10,
    "n_iterations": 10
  },
  "execution_time": 0.027781963348388672,
  "timestamp": "2025-07-18T05:57:45.071100",
  "success": true,
  "error_message": null,
  "routes": [
    {
      "stops": [
        2705153086,
        12529762089,
        12529762095,
        12529762090,
        12529762099,
        12529762064,
        12529762094,
        12529762097,
        12529762098
      ],
      "distances": [
        857.4270180559429,
        223.1484535124467,
        593.1548709486162,
        286.04702646470787,
        268.70101910604245,
        226.61673301546065,
        537.3813868555429,
        405.234956665461
      ],
      "passenger_load": [
        0,
        10,
        10,
        10,
        10,
        10,
        10,
        10
      ],
      "total_distance": 3397.7114646242208,
      "total_passengers": 70,
      "is_valid": true,
      "capacity_violations": 0,
      "opposite_stops_violations": 0
    },
    {
      "stops": [
        2705153086,
        12529762094,
        12529762064,
        12529762099,
        12529762100,
        12529762087,
        12529762085,
        12529762091,
        12529762066,
        12529762098
      ],
      "distances": [
        1089.7463407689545,
        226.61673301546068,
        307.9514424123155,
        261.31264457623115,
        420.3346921434436,
        251.83116772552398,
        381.6722383828302,
        49.820675358793466,
        331.36435288878766
      ],
      "passenger_load": [
        0,
        10,
        10,
        10,
        10,
        10,
        10,
        10,
        10
      ],
      "total_distance": 3320.650287272341,
      "total_passengers": 80,
      "is_valid": false,
      "capacity_violations": 1,
      "opposite_stops_violations": 0
    },
    {
      "stops": [
        2705153086,
        12529762095,
        12529762099,
        12529762100,
        12529762104,
        12529762084,
        12529762093,
        12529762103,
        12529762101,
        12529762098
      ],
      "distances": [
        634.2785645492231,
        879.2018968047757,
        261.31264457623115,
        1539.4583981316093,
        477.7859551617668,
        340.16966398589983,
        303.25450892729043,
        3383.355945873888,
        2126.9899651714977
      ],
      "passenger_load": [
        0,
        10,
        10,
        10,
        10,
        10,
        10,
        10,
        10
      ],
      "total_distance": 9945.807543182182,
      "total_passengers": 80,
      "is_valid": false,
      "capacity_violations": 1,
      "opposite_stops_violations": 0
    },
    {
      "stops": [
        2705153086,
        12529762099,
        12529762100,
        12529762087,
        12529762085,
        12529762091,
        12529762066,
        12529762083,
        12529762098
      ],
      "distances": [
        1090.2710934584557,
        261.31264457623115,
        420.3346921434436,
        251.83116772552398,
        381.6722383828302,
        49.820675358793466,
        323.4931429039657,
        33.51910664830568
      ],
      "passenger_load": [
        0,
        10,
        10,
        10,
        10,
        10,
        10,
        10
      ],
      "total_distance": 2812.254761197549,
      "total_passengers": 70,
      "is_valid": true,
      "capacity_violations": 0,
      "opposite_stops_violations": 0
    }
  ],
  "iterations_data": [],
  "final_solution": {
    "routes": [
      {
        "stops": [
          2705153086,
          12529762089,
          12529762095,
          12529762090,
          12529762099,
          12529762064,
          12529762094,
          12529762097,
          12529762098
        ],
        "distances": [
          857.4270180559429,
          223.1484535124467,
          593.1548709486162,
          286.04702646470787,
          268.70101910604245,
          226.61673301546065,
          537.3813868555429,
          405.234956665461
        ],
        "passenger_load": [
          0,
          10,
          10,
          10,
          10,
          10,
          10,
          10
        ],
        "total_distance": 3397.7114646242208,
        "total_passengers": 70,
        "is_valid": true,
        "capacity_violations": 0,
        "opposite_stops_violations": 0
      },
      {
        "stops": [
          2705153086,
          12529762094,
          12529762064,
          12529762099,
          12529762100,
          12529762087,
          12529762085,
          12529762091,
          12529762066,
          12529762098
        ],
        "distances": [
          1089.7463407689545,
          226.61673301546068,
          307.9514424123155,
          261.31264457623115,
          420.3346921434436,
          251.83116772552398,
          381.6722383828302,
          49.820675358793466,
          331.36435288878766
        ],
        "passenger_load": [
          0,
          10,
          10,
          10,
          10,
          10,
          10,
          10,
          10
        ],
        "total_distance": 3320.650287272341,
        "total_passengers": 80,
        "is_valid": false,
        "capacity_violations": 1,
        "opposite_stops_violations": 0
      },
      {
        "stops": [
          2705153086,
          12529762095,
          12529762099,
          12529762100,
          12529762104,
          12529762084,
          12529762093,
          12529762103,
          12529762101,
          12529762098
        ],
        "distances": [
          634.2785645492231,
          879.2018968047757,
          261.31264457623115,
          1539.4583981316093,
          477.7859551617668,
          340.16966398589983,
          303.25450892729043,
          3383.355945873888,
          2126.9899651714977
        ],
        "passenger_load": [
          0,
          10,
          10,
          10,
          10,
          10,
          10,
          10,
          10
        ],
        "total_distance": 9945.807543182182,
        "total_passengers": 80,
        "is_valid": false,
        "capacity_violations": 1,
        "opposite_stops_violations": 0
      },
      {
        "stops": [
          2705153086,
          12529762099,
          12529762100,
          12529762087,
          12529762085,
          12529762091,
          12529762066,
          12529762083,
          12529762098
        ],
        "distances": [
          1090.2710934584557,
          261.31264457623115,
          420.3346921434436,
          251.83116772552398,
          381.6722383828302,
          49.820675358793466,
          323.4931429039657,
          33.51910664830568
        ],
        "passenger_load": [
          0,
          10,
          10,
          10,
          10,
          10,
          10,
          10
        ],
        "total_distance": 2812.254761197549,
        "total_passengers": 70,
        "is_valid": true,
        "capacity_violations": 0,
        "opposite_stops_violations": 0
      }
    ],
    "total_vehicles": 4,
    "total_distance": 19476.424056276293,
    "total_passengers_served": 300,
    "fitness_time": 19476.424056276293,
    "fitness_vehicle": 23476.424056276293,
    "is_feasible": false,
    "generation_time": 0.0
  }
}