{
  "execution_id": "93a36298-ed64-4c08-9bdf-0304614d9013",
  "algorithm_type": "ACS-VEHICLE",
  "config": {
    "algorithm_params": {
      "alpha": 1.0,
      "beta": 2.0,
      "rho": 0.1,
      "Q": 1.0
    },
    "problem_params": {
      "capacity": 70,
      "max_route_length": 100,
      "max_route_attempts": 10
    },
    "quality_weights": {
      "w_c": 0.7,
      "w_r": 0.2,
      "w_d": 0.1
    },
    "n_ants": 10,
    "n_iterations": 10
  },
  "execution_time": 1.858459711074829,
  "timestamp": "2025-07-18T06:09:32.155070",
  "success": true,
  "error_message": null,
  "routes": [
    {
      "stops": [
        2705153086,
        12529762096,
        12529762094,
        12529762074,
        12529762098
      ],
      "distances": [
        1220.8788091070285,
        226.4269999813508,
        535.7306642602003,
        403.58423407011844
      ],
      "passenger_load": [
        0,
        10,
        10,
        10
      ],
      "total_distance": 2386.620707418698,
      "total_passengers": 30,
      "is_valid": true,
      "capacity_violations": 0,
      "opposite_stops_violations": 0
    },
    {
      "stops": [
        2705153086,
        12529762094,
        12529762096,
        12529762099,
        12529762100,
        12529762087,
        12529762084,
        12529762093,
        12529762101,
        12529762098
      ],
      "distances": [
        1089.7463407689545,
        226.42699998135083,
        307.76170937820564,
        261.31264457623115,
        420.3346921434436,
        931.8368627080714,
        340.16966398589983,
        3191.0204545268884,
        2126.9899651714977
      ],
      "passenger_load": [
        0,
        10,
        10,
        10,
        10,
        10,
        10,
        10,
        10
      ],
      "total_distance": 8895.599333240543,
      "total_passengers": 80,
      "is_valid": false,
      "capacity_violations": 1,
      "opposite_stops_violations": 0
    },
    {
      "stops": [
        2705153086,
        12529762095,
        12529762089,
        12529762090,
        12529762099,
        12529762100,
        12529762104,
        12529762103,
        12529762101,
        12529762098
      ],
      "distances": [
        634.2785645492231,
        223.1484535124467,
        370.0064174402265,
        286.04702646470787,
        261.31264457623115,
        1539.4583981316093,
        182.29330747845754,
        3383.355945873888,
        2126.9899651714977
      ],
      "passenger_load": [
        0,
        10,
        10,
        10,
        10,
        10,
        10,
        10,
        10
      ],
      "total_distance": 9006.890723198288,
      "total_passengers": 80,
      "is_valid": false,
      "capacity_violations": 1,
      "opposite_stops_violations": 0
    },
    {
      "stops": [
        2705153086,
        12529762099,
        12529762100,
        12529762087,
        12529762086,
        12529762091,
        12529762066,
        12529762083,
        12529762098
      ],
      "distances": [
        1090.2710934584557,
        261.31264457623115,
        420.3346921434436,
        246.0590815021085,
        375.9001521594147,
        49.820675358793466,
        323.4931429039657,
        33.51910664830568
      ],
      "passenger_load": [
        0,
        10,
        10,
        10,
        10,
        10,
        10,
        10
      ],
      "total_distance": 2800.710588750718,
      "total_passengers": 70,
      "is_valid": true,
      "capacity_violations": 0,
      "opposite_stops_violations": 0
    }
  ],
  "iterations_data": [],
  "final_solution": {
    "routes": [
      {
        "stops": [
          2705153086,
          12529762096,
          12529762094,
          12529762074,
          12529762098
        ],
        "distances": [
          1220.8788091070285,
          226.4269999813508,
          535.7306642602003,
          403.58423407011844
        ],
        "passenger_load": [
          0,
          10,
          10,
          10
        ],
        "total_distance": 2386.620707418698,
        "total_passengers": 30,
        "is_valid": true,
        "capacity_violations": 0,
        "opposite_stops_violations": 0
      },
      {
        "stops": [
          2705153086,
          12529762094,
          12529762096,
          12529762099,
          12529762100,
          12529762087,
          12529762084,
          12529762093,
          12529762101,
          12529762098
        ],
        "distances": [
          1089.7463407689545,
          226.42699998135083,
          307.76170937820564,
          261.31264457623115,
          420.3346921434436,
          931.8368627080714,
          340.16966398589983,
          3191.0204545268884,
          2126.9899651714977
        ],
        "passenger_load": [
          0,
          10,
          10,
          10,
          10,
          10,
          10,
          10,
          10
        ],
        "total_distance": 8895.599333240543,
        "total_passengers": 80,
        "is_valid": false,
        "capacity_violations": 1,
        "opposite_stops_violations": 0
      },
      {
        "stops": [
          2705153086,
          12529762095,
          12529762089,
          12529762090,
          12529762099,
          12529762100,
          12529762104,
          12529762103,
          12529762101,
          12529762098
        ],
        "distances": [
          634.2785645492231,
          223.1484535124467,
          370.0064174402265,
          286.04702646470787,
          261.31264457623115,
          1539.4583981316093,
          182.29330747845754,
          3383.355945873888,
          2126.9899651714977
        ],
        "passenger_load": [
          0,
          10,
          10,
          10,
          10,
          10,
          10,
          10,
          10
        ],
        "total_distance": 9006.890723198288,
        "total_passengers": 80,
        "is_valid": false,
        "capacity_violations": 1,
        "opposite_stops_violations": 0
      },
      {
        "stops": [
          2705153086,
          12529762099,
          12529762100,
          12529762087,
          12529762086,
          12529762091,
          12529762066,
          12529762083,
          12529762098
        ],
        "distances": [
          1090.2710934584557,
          261.31264457623115,
          420.3346921434436,
          246.0590815021085,
          375.9001521594147,
          49.820675358793466,
          323.4931429039657,
          33.51910664830568
        ],
        "passenger_load": [
          0,
          10,
          10,
          10,
          10,
          10,
          10,
          10
        ],
        "total_distance": 2800.710588750718,
        "total_passengers": 70,
        "is_valid": true,
        "capacity_violations": 0,
        "opposite_stops_violations": 0
      }
    ],
    "total_vehicles": 4,
    "total_distance": 23089.821352608247,
    "total_passengers_served": 260,
    "fitness_time": 23089.821352608247,
    "fitness_vehicle": 27089.821352608247,
    "is_feasible": false,
    "generation_time": 0.0
  }
}