{
  "execution_summary": {
    "num_routes": 2,
    "total_dist": 3421.3153158473133,
    "coverage": 0.5,
    "best_routes": [
      [
        2705153069,
        12529762099,
        12529762087,
        12529762086,
        3451256854
      ],
      [
        2705153069,
        12529762099,
        12529762100,
        12529762087,
        12529762085,
        3451256854
      ]
    ]
  },
  "graph_statistics": {
    "original_nodes": 158,
    "original_edges": 230,
    "meta_nodes": 12,
    "meta_edges": 41
  },
  "timestamp": "2025-07-18T05:13:37.037927"
}