v,best_total_time,best_coverage,best_count,pheromone_min,pheromone_max,pheromone_mean
7,18845.629879421715,96.0,6,0.43046721000000016,1.7114559804761909,0.49447417724472886
