{
  "execution_summary": {
    "num_routes": 4,
    "total_dist": 23089.821352608247,
    "coverage": 0.75,
    "best_routes": [
      [
        2705153086,
        12529762096,
        12529762094,
        12529762074,
        12529762098
      ],
      [
        2705153086,
        12529762094,
        12529762096,
        12529762099,
        12529762100,
        12529762087,
        12529762084,
        12529762093,
        12529762101,
        12529762098
      ],
      [
        2705153086,
        12529762095,
        12529762089,
        12529762090,
        12529762099,
        12529762100,
        12529762104,
        12529762103,
        12529762101,
        12529762098
      ],
      [
        2705153086,
        12529762099,
        12529762100,
        12529762087,
        12529762086,
        12529762091,
        12529762066,
        12529762083,
        12529762098
      ]
    ]
  },
  "graph_statistics": {
    "original_nodes": 1023,
    "original_edges": 1485,
    "meta_nodes": 26,
    "meta_edges": 194
  },
  "timestamp": "2025-07-18T06:09:34.018273"
}