{
  "execution_summary": {
    "num_routes": 2,
    "total_dist": 6280.760621193456,
    "coverage": 0.52,
    "best_routes": [
      [
        2705153086,
        12529762095,
        12529762089,
        12529762090,
        12529762099,
        12529762096,
        12529762094,
        12529762097,
        12529762083,
        12474929586
      ],
      [
        2705153086,
        12529762090,
        12529762099,
        12529762088,
        12529762102,
        12529762085,
        12529762091,
        12529762066,
        12529762083,
        12474929586
      ]
    ]
  },
  "graph_statistics": {
    "original_nodes": 1023,
    "original_edges": 1485,
    "meta_nodes": 27,
    "meta_edges": 198
  },
  "timestamp": "2025-07-17T22:40:22.559679"
}