{
  "analysis_timestamp": "2025-07-17T23:00:35.049080",
  "total_iterations": 13,
  "convergence_summary": {
    "final_best_quality": 3.0001256007286354,
    "initial_quality": 1.500224885687356,
    "improvement_percentage": -99.97839186316871
  },
  "acs_time_final": {
    "distance": 3979.8686257752443,
    "routes": 2,
    "coverage": 50.0
  },
  "acs_vehicle_final": {
    "distance": 1782.293772821064,
    "routes": 1,
    "coverage": 40.0
  },
  "convergence_detection": {
    "converged": true,
    "stability_window": 5,
    "final_variance": 0.0
  }
}