{
  "execution_id": "711062a0-846a-4217-ba28-97ab2943560c",
  "algorithm_type": "ACS-VEHICLE",
  "config": {
    "algorithm_params": {
      "alpha": 1.0,
      "beta": 2.0,
      "rho": 0.1,
      "Q": 1.0
    },
    "problem_params": {
      "capacity": 30,
      "max_route_length": 100,
      "max_route_attempts": 10
    },
    "quality_weights": {
      "w_c": 0.2,
      "w_r": 0.2,
      "w_d": 0.1
    },
    "n_ants": 10,
    "n_iterations": 50
  },
  "execution_time": 0.02270364761352539,
  "timestamp": "2025-07-18T05:12:36.285341",
  "success": true,
  "error_message": null,
  "routes": [
    {
      "stops": [
        2705153069,
        12529762099,
        12529762100,
        12529762102,
        3358644211
      ],
      "distances": [
        745.4035860355835,
        261.31264457623115,
        419.3736119343654,
        149.04650832924662
      ],
      "passenger_load": [
        0,
        10,
        10,
        10
      ],
      "total_distance": 1575.1363508754266,
      "total_passengers": 30,
      "is_valid": true,
      "capacity_violations": 0,
      "opposite_stops_violations": 0
    },
    {
      "stops": [
        2705153069,
        12529762096,
        12529762099,
        12529762100,
        12529762087,
        3358644211
      ],
      "distances": [
        876.011301684156,
        307.76170937820564,
        261.31264457623115,
        420.3346921434436,
        150.0075885383248
      ],
      "passenger_load": [
        0,
        10,
        10,
        10,
        10
      ],
      "total_distance": 2015.4279363203611,
      "total_passengers": 40,
      "is_valid": false,
      "capacity_violations": 1,
      "opposite_stops_violations": 0
    }
  ],
  "iterations_data": [],
  "final_solution": {
    "routes": [
      {
        "stops": [
          2705153069,
          12529762099,
          12529762100,
          12529762102,
          3358644211
        ],
        "distances": [
          745.4035860355835,
          261.31264457623115,
          419.3736119343654,
          149.04650832924662
        ],
        "passenger_load": [
          0,
          10,
          10,
          10
        ],
        "total_distance": 1575.1363508754266,
        "total_passengers": 30,
        "is_valid": true,
        "capacity_violations": 0,
        "opposite_stops_violations": 0
      },
      {
        "stops": [
          2705153069,
          12529762096,
          12529762099,
          12529762100,
          12529762087,
          3358644211
        ],
        "distances": [
          876.011301684156,
          307.76170937820564,
          261.31264457623115,
          420.3346921434436,
          150.0075885383248
        ],
        "passenger_load": [
          0,
          10,
          10,
          10,
          10
        ],
        "total_distance": 2015.4279363203611,
        "total_passengers": 40,
        "is_valid": false,
        "capacity_violations": 1,
        "opposite_stops_violations": 0
      }
    ],
    "total_vehicles": 2,
    "total_distance": 3590.564287195788,
    "total_passengers_served": 70,
    "fitness_time": 3590.564287195788,
    "fitness_vehicle": 5590.564287195788,
    "is_feasible": false,
    "generation_time": 0.0
  }
}