{
  "execution_id": "7ea7d467-cd75-49d9-bb83-39ec37ffb12a",
  "algorithm_type": "ACS-VEHICLE",
  "config": {
    "algorithm_params": {
      "alpha": 1.0,
      "beta": 2.0,
      "rho": 0.1,
      "Q": 1.0
    },
    "problem_params": {
      "capacity": 30,
      "max_route_length": 100,
      "max_route_attempts": 10
    },
    "quality_weights": {
      "w_c": 0.7,
      "w_r": 0.2,
      "w_d": 0.1
    },
    "n_ants": 10,
    "n_iterations": 50
  },
  "execution_time": 0.007649898529052734,
  "timestamp": "2025-07-18T05:11:02.212837",
  "success": true,
  "error_message": null,
  "routes": [
    {
      "stops": [
        371023211,
        12529762088,
        371023214
      ],
      "distances": [
        121.0555805975933,
        292.3615860275175
      ],
      "passenger_load": [
        0,
        10
      ],
      "total_distance": 413.4171666251108,
      "total_passengers": 10,
      "is_valid": true,
      "capacity_violations": 0,
      "opposite_stops_violations": 0
    }
  ],
  "iterations_data": [],
  "final_solution": {
    "routes": [
      {
        "stops": [
          371023211,
          12529762088,
          371023214
        ],
        "distances": [
          121.0555805975933,
          292.3615860275175
        ],
        "passenger_load": [
          0,
          10
        ],
        "total_distance": 413.4171666251108,
        "total_passengers": 10,
        "is_valid": true,
        "capacity_violations": 0,
        "opposite_stops_violations": 0
      }
    ],
    "total_vehicles": 1,
    "total_distance": 413.4171666251108,
    "total_passengers_served": 10,
    "fitness_time": 413.4171666251108,
    "fitness_vehicle": 1413.417166625111,
    "is_feasible": true,
    "generation_time": 0.0
  }
}