{
  "execution_id": "e7344c56-7ccc-4351-845e-8e71c19e664a",
  "algorithm_type": "ACS-VEHICLE",
  "config": {
    "algorithm_params": {
      "alpha": 1.0,
      "beta": 2.0,
      "rho": 0.1,
      "Q": 1.0
    },
    "problem_params": {
      "capacity": 70,
      "max_route_length": 100,
      "max_route_attempts": 10
    },
    "quality_weights": {
      "w_c": 10.0,
      "w_r": 1.5,
      "w_d": 0.5
    },
    "n_ants": 10,
    "n_iterations": 10
  },
  "execution_time": 0.006304264068603516,
  "timestamp": "2025-07-17T23:00:58.549963",
  "success": true,
  "error_message": null,
  "routes": [
    {
      "stops": [
        2705153069,
        12529762099,
        12529762088,
        12529762102,
        12529762086,
        4826126847
      ],
      "distances": [
        745.4035860355835,
        260.6580715915888,
        418.719038949723,
        245.0980012930303,
        100.8709025043074
      ],
      "passenger_load": [
        0,
        10,
        10,
        10,
        10
      ],
      "total_distance": 1770.749600374233,
      "total_passengers": 40,
      "is_valid": true,
      "capacity_violations": 0,
      "opposite_stops_violations": 0
    },
    {
      "stops": [
        2705153069,
        12529762096,
        12529762099,
        12529762088,
        12529762102,
        12529762086,
        4826126847
      ],
      "distances": [
        876.011301684156,
        307.76170937820564,
        260.6580715915888,
        418.719038949723,
        245.0980012930303,
        100.8709025043074
      ],
      "passenger_load": [
        0,
        10,
        10,
        10,
        10,
        10
      ],
      "total_distance": 2209.119025401011,
      "total_passengers": 50,
      "is_valid": true,
      "capacity_violations": 0,
      "opposite_stops_violations": 0
    }
  ],
  "iterations_data": [],
  "final_solution": {
    "routes": [
      {
        "stops": [
          2705153069,
          12529762099,
          12529762088,
          12529762102,
          12529762086,
          4826126847
        ],
        "distances": [
          745.4035860355835,
          260.6580715915888,
          418.719038949723,
          245.0980012930303,
          100.8709025043074
        ],
        "passenger_load": [
          0,
          10,
          10,
          10,
          10
        ],
        "total_distance": 1770.749600374233,
        "total_passengers": 40,
        "is_valid": true,
        "capacity_violations": 0,
        "opposite_stops_violations": 0
      },
      {
        "stops": [
          2705153069,
          12529762096,
          12529762099,
          12529762088,
          12529762102,
          12529762086,
          4826126847
        ],
        "distances": [
          876.011301684156,
          307.76170937820564,
          260.6580715915888,
          418.719038949723,
          245.0980012930303,
          100.8709025043074
        ],
        "passenger_load": [
          0,
          10,
          10,
          10,
          10,
          10
        ],
        "total_distance": 2209.119025401011,
        "total_passengers": 50,
        "is_valid": true,
        "capacity_violations": 0,
        "opposite_stops_violations": 0
      }
    ],
    "total_vehicles": 2,
    "total_distance": 3979.8686257752443,
    "total_passengers_served": 90,
    "fitness_time": 3979.8686257752443,
    "fitness_vehicle": 5979.868625775244,
    "is_feasible": true,
    "generation_time": 0.0
  }
}