{
  "execution_id": "ebacf691-0d59-4738-a49f-5a567fed0796",
  "algorithm_type": "ACS-VEHICLE",
  "config": {
    "algorithm_params": {
      "alpha": 1.0,
      "beta": 2.0,
      "rho": 0.1,
      "Q": 1.0
    },
    "problem_params": {
      "capacity": 70,
      "max_route_length": 100,
      "max_route_attempts": 10
    },
    "quality_weights": {
      "w_c": 10.0,
      "w_r": 1.0,
      "w_d": 0.5
    },
    "n_ants": 5,
    "n_iterations": 5
  },
  "execution_time": 0.0014758110046386719,
  "timestamp": "2025-07-17T22:21:13.329950",
  "success": true,
  "error_message": null,
  "routes": [
    {
      "stops": [
        2705153069,
        12529762064,
        12529762099,
        12529762088,
        12529762102,
        12529762086,
        4826126847
      ],
      "distances": [
        876.2010347182659,
        307.9514424123155,
        260.6580715915888,
        418.719038949723,
        245.0980012930303,
        100.8709025043074
      ],
      "passenger_load": [
        0,
        10,
        10,
        10,
        10,
        10
      ],
      "total_distance": 2209.498491469231,
      "total_passengers": 50,
      "is_valid": true,
      "capacity_violations": 0,
      "opposite_stops_violations": 0
    }
  ],
  "iterations_data": [],
  "final_solution": {
    "routes": [
      {
        "stops": [
          2705153069,
          12529762064,
          12529762099,
          12529762088,
          12529762102,
          12529762086,
          4826126847
        ],
        "distances": [
          876.2010347182659,
          307.9514424123155,
          260.6580715915888,
          418.719038949723,
          245.0980012930303,
          100.8709025043074
        ],
        "passenger_load": [
          0,
          10,
          10,
          10,
          10,
          10
        ],
        "total_distance": 2209.498491469231,
        "total_passengers": 50,
        "is_valid": true,
        "capacity_violations": 0,
        "opposite_stops_violations": 0
      }
    ],
    "total_vehicles": 1,
    "total_distance": 2209.498491469231,
    "total_passengers_served": 50,
    "fitness_time": 2209.498491469231,
    "fitness_vehicle": 3209.498491469231,
    "is_feasible": true,
    "generation_time": 0.0
  }
}